"Problem","Package","File","Priority","Line","Description","Rule set","Rule"
"1","org.apache.syncope.core.provisioning.java","core\provisioning-java\src\main\java\org\apache\syncope\core\provisioning\java\DefaultMappingManager.java","2","219","Logger calls should be surrounded by log level guards.","Best Practices","GuardLogStatement"
"2","org.apache.syncope.core.provisioning.java","core\provisioning-java\src\main\java\org\apache\syncope\core\provisioning\java\DefaultMappingManager.java","2","282","Logger calls should be surrounded by log level guards.","Best Practices","GuardLogStatement"
"3","org.apache.syncope.core.provisioning.java","core\provisioning-java\src\main\java\org\apache\syncope\core\provisioning\java\DefaultMappingManager.java","2","289","Logger calls should be surrounded by log level guards.","Best Practices","GuardLogStatement"
"4","org.apache.syncope.core.provisioning.java","core\provisioning-java\src\main\java\org\apache\syncope\core\provisioning\java\DefaultMappingManager.java","2","304","Logger calls should be surrounded by log level guards.","Best Practices","GuardLogStatement"
"5","org.apache.syncope.core.provisioning.java","core\provisioning-java\src\main\java\org\apache\syncope\core\provisioning\java\DefaultMappingManager.java","2","342","Logger calls should be surrounded by log level guards.","Best Practices","GuardLogStatement"
"6","org.apache.syncope.core.provisioning.java","core\provisioning-java\src\main\java\org\apache\syncope\core\provisioning\java\DefaultMappingManager.java","2","374","Logger calls should be surrounded by log level guards.","Best Practices","GuardLogStatement"
"7","org.apache.syncope.core.provisioning.java","core\provisioning-java\src\main\java\org\apache\syncope\core\provisioning\java\DefaultMappingManager.java","2","398","Logger calls should be surrounded by log level guards.","Best Practices","GuardLogStatement"
"8","org.apache.syncope.core.provisioning.java","core\provisioning-java\src\main\java\org\apache\syncope\core\provisioning\java\DefaultMappingManager.java","2","431","Logger calls should be surrounded by log level guards.","Best Practices","GuardLogStatement"
"9","org.apache.syncope.core.provisioning.java","core\provisioning-java\src\main\java\org\apache\syncope\core\provisioning\java\DefaultMappingManager.java","2","437","Logger calls should be surrounded by log level guards.","Best Practices","GuardLogStatement"
"10","org.apache.syncope.core.provisioning.java","core\provisioning-java\src\main\java\org\apache\syncope\core\provisioning\java\DefaultMappingManager.java","2","447","Logger calls should be surrounded by log level guards.","Best Practices","GuardLogStatement"
"11","org.apache.syncope.core.provisioning.java","core\provisioning-java\src\main\java\org\apache\syncope\core\provisioning\java\DefaultMappingManager.java","2","514","Logger calls should be surrounded by log level guards.","Best Practices","GuardLogStatement"
"12","org.apache.syncope.core.provisioning.java","core\provisioning-java\src\main\java\org\apache\syncope\core\provisioning\java\DefaultMappingManager.java","2","543","Logger calls should be surrounded by log level guards.","Best Practices","GuardLogStatement"
"13","org.apache.syncope.core.provisioning.java","core\provisioning-java\src\main\java\org\apache\syncope\core\provisioning\java\DefaultMappingManager.java","2","573","Logger calls should be surrounded by log level guards.","Best Practices","GuardLogStatement"
"14","org.apache.syncope.core.provisioning.java","core\provisioning-java\src\main\java\org\apache\syncope\core\provisioning\java\DefaultMappingManager.java","2","630","Logger calls should be surrounded by log level guards.","Best Practices","GuardLogStatement"
"15","org.apache.syncope.core.provisioning.java","core\provisioning-java\src\main\java\org\apache\syncope\core\provisioning\java\DefaultMappingManager.java","2","690","Logger calls should be surrounded by log level guards.","Best Practices","GuardLogStatement"
"16","org.apache.syncope.core.provisioning.java","core\provisioning-java\src\main\java\org\apache\syncope\core\provisioning\java\DefaultMappingManager.java","2","694","Logger calls should be surrounded by log level guards.","Best Practices","GuardLogStatement"
"17","org.apache.syncope.core.provisioning.java","core\provisioning-java\src\main\java\org\apache\syncope\core\provisioning\java\DefaultMappingManager.java","2","773","Logger calls should be surrounded by log level guards.","Best Practices","GuardLogStatement"
"18","org.apache.syncope.core.provisioning.java","core\provisioning-java\src\main\java\org\apache\syncope\core\provisioning\java\DefaultMappingManager.java","3","906","Switch statements or expressions should be exhaustive, add a default case (or missing enum branches)","Best Practices","NonExhaustiveSwitch"
"19","org.apache.syncope.core.provisioning.java","core\provisioning-java\src\main\java\org\apache\syncope\core\provisioning\java\DefaultMappingManager.java","2","992","Logger calls should be surrounded by log level guards.","Best Practices","GuardLogStatement"
"20","org.apache.syncope.core.provisioning.java","core\provisioning-java\src\main\java\org\apache\syncope\core\provisioning\java\DefaultMappingManager.java","3","1000","Switch statements or expressions should be exhaustive, add a default case (or missing enum branches)","Best Practices","NonExhaustiveSwitch"
"21","org.apache.syncope.core.provisioning.java","core\provisioning-java\src\main\java\org\apache\syncope\core\provisioning\java\DefaultMappingManager.java","3","1017","Switch statements or expressions should be exhaustive, add a default case (or missing enum branches)","Best Practices","NonExhaustiveSwitch"
"22","org.apache.syncope.core.provisioning.java","core\provisioning-java\src\main\java\org\apache\syncope\core\provisioning\java\DefaultMappingManager.java","3","1030","Do not use if statements that are always true or always false","Error Prone","UnconditionalIfStatement"
"23","org.apache.syncope.core.provisioning.java","core\provisioning-java\src\main\java\org\apache\syncope\core\provisioning\java\DefaultMappingManager.java","2","1079","Logger calls should be surrounded by log level guards.","Best Practices","GuardLogStatement"
"24","org.apache.syncope.core.provisioning.java","core\provisioning-java\src\main\java\org\apache\syncope\core\provisioning\java\DefaultMappingManager.java","2","1096","Logger calls should be surrounded by log level guards.","Best Practices","GuardLogStatement"
"25","org.apache.syncope.core.provisioning.java","core\provisioning-java\src\main\java\org\apache\syncope\core\provisioning\java\DefaultMappingManager.java","2","1129","Logger calls should be surrounded by log level guards.","Best Practices","GuardLogStatement"
"26","org.apache.syncope.core.provisioning.java","core\provisioning-java\src\main\java\org\apache\syncope\core\provisioning\java\DefaultMappingManager.java","2","1154","Logger calls should be surrounded by log level guards.","Best Practices","GuardLogStatement"
"27","org.apache.syncope.core.provisioning.java","core\provisioning-java\src\main\java\org\apache\syncope\core\provisioning\java\DefaultMappingManager.java","3","1166","Switch statements or expressions should be exhaustive, add a default case (or missing enum branches)","Best Practices","NonExhaustiveSwitch"
"28","org.apache.syncope.core.provisioning.java","core\provisioning-java\src\main\java\org\apache\syncope\core\provisioning\java\DefaultMappingManager.java","3","1228","Switch statements or expressions should be exhaustive, add a default case (or missing enum branches)","Best Practices","NonExhaustiveSwitch"
"29","org.apache.syncope.core.provisioning.java","core\provisioning-java\src\main\java\org\apache\syncope\core\provisioning\java\DefaultMappingManager.java","2","1316","Logger calls should be surrounded by log level guards.","Best Practices","GuardLogStatement"
"30","org.apache.syncope.core.provisioning.java","core\provisioning-java\src\main\java\org\apache\syncope\core\provisioning\java\DefaultMappingManager.java","3","1332","Switch statements or expressions should be exhaustive, add a default case (or missing enum branches)","Best Practices","NonExhaustiveSwitch"
"31","org.apache.syncope.core.provisioning.java","core\provisioning-java\src\main\java\org\apache\syncope\core\provisioning\java\DefaultMappingManager.java","3","1351","Switch statements or expressions should be exhaustive, add a default case (or missing enum branches)","Best Practices","NonExhaustiveSwitch"
