DefaultMappingManager.java,org.apache.syncope.core.provisioning.java.DefaultMappingManager,org.pitest.mutationtest.engine.gregor.mutators.VoidMethodCallMutator,clonePlainAttrValue,160,SURVIVED,none
DefaultMappingManager.java,org.apache.syncope.core.provisioning.java.DefaultMappingManager,org.pitest.mutationtest.engine.gregor.mutators.VoidMethodCallMutator,clonePlainAttrValue,161,SURVIVED,none
DefaultMappingManager.java,org.apache.syncope.core.provisioning.java.DefaultMappingManager,org.pitest.mutationtest.engine.gregor.mutators.VoidMethodCallMutator,clonePlainAttrValue,162,SURVIVED,none
DefaultMappingManager.java,org.apache.syncope.core.provisioning.java.DefaultMappingManager,org.pitest.mutationtest.engine.gregor.mutators.VoidMethodCallMutator,clonePlainAttrValue,163,SURVIVED,none
DefaultMappingManager.java,org.apache.syncope.core.provisioning.java.DefaultMappingManager,org.pitest.mutationtest.engine.gregor.mutators.VoidMethodCallMutator,clonePlainAttrValue,164,SURVIVED,none
DefaultMappingManager.java,org.apache.syncope.core.provisioning.java.DefaultMappingManager,org.pitest.mutationtest.engine.gregor.mutators.VoidMethodCallMutator,clonePlainAttrValue,165,SURVIVED,none
DefaultMappingManager.java,org.apache.syncope.core.provisioning.java.DefaultMappingManager,org.pitest.mutationtest.engine.gregor.mutators.returns.NullReturnValsMutator,clonePlainAttrValue,167,SURVIVED,none
DefaultMappingManager.java,org.apache.syncope.core.provisioning.java.DefaultMappingManager,org.pitest.mutationtest.engine.gregor.mutators.returns.EmptyObjectReturnValsMutator,decodePassword,466,NO_COVERAGE,none
DefaultMappingManager.java,org.apache.syncope.core.provisioning.java.DefaultMappingManager,org.pitest.mutationtest.engine.gregor.mutators.NegateConditionalsMutator,evaluateNAME,232,KILLED,org.apache.syncope.core.provisioning.java.DefaultMappingManager_ESTest
DefaultMappingManager.java,org.apache.syncope.core.provisioning.java.DefaultMappingManager,org.pitest.mutationtest.engine.gregor.mutators.NegateConditionalsMutator,evaluateNAME,242,KILLED,org.apache.syncope.core.provisioning.java.DefaultMappingManager_ESTest
DefaultMappingManager.java,org.apache.syncope.core.provisioning.java.DefaultMappingManager,org.pitest.mutationtest.engine.gregor.mutators.returns.NullReturnValsMutator,evaluateNAME,252,KILLED,org.apache.syncope.core.provisioning.java.DefaultMappingManager_ESTest
DefaultMappingManager.java,org.apache.syncope.core.provisioning.java.DefaultMappingManager,org.pitest.mutationtest.engine.gregor.mutators.NegateConditionalsMutator,evaluateNAME,266,SURVIVED,none
DefaultMappingManager.java,org.apache.syncope.core.provisioning.java.DefaultMappingManager,org.pitest.mutationtest.engine.gregor.mutators.NegateConditionalsMutator,evaluateNAME,274,KILLED,org.apache.syncope.core.provisioning.java.DefaultMappingManager_ESTest
DefaultMappingManager.java,org.apache.syncope.core.provisioning.java.DefaultMappingManager,org.pitest.mutationtest.engine.gregor.mutators.returns.NullReturnValsMutator,evaluateNAME,284,KILLED,org.apache.syncope.core.provisioning.java.DefaultMappingManager_ESTest
DefaultMappingManager.java,org.apache.syncope.core.provisioning.java.DefaultMappingManager,org.pitest.mutationtest.engine.gregor.mutators.NegateConditionalsMutator,getConnObjectKeyValue,982,KILLED,org.apache.syncope.core.provisioning.java.DefaultMappingManager_ESTest
DefaultMappingManager.java,org.apache.syncope.core.provisioning.java.DefaultMappingManager,org.pitest.mutationtest.engine.gregor.mutators.NegateConditionalsMutator,getConnObjectKeyValue,1003,NO_COVERAGE,none
DefaultMappingManager.java,org.apache.syncope.core.provisioning.java.DefaultMappingManager,org.pitest.mutationtest.engine.gregor.mutators.returns.EmptyObjectReturnValsMutator,getConnObjectKeyValue,1003,NO_COVERAGE,none
DefaultMappingManager.java,org.apache.syncope.core.provisioning.java.DefaultMappingManager,org.pitest.mutationtest.engine.gregor.mutators.NegateConditionalsMutator,getConnObjectKeyValue,1011,KILLED,org.apache.syncope.core.provisioning.java.DefaultMappingManager_ESTest
DefaultMappingManager.java,org.apache.syncope.core.provisioning.java.DefaultMappingManager,org.pitest.mutationtest.engine.gregor.mutators.NegateConditionalsMutator,getConnObjectKeyValue,1017,KILLED,org.apache.syncope.core.provisioning.java.DefaultMappingManager_ESTest
DefaultMappingManager.java,org.apache.syncope.core.provisioning.java.DefaultMappingManager,org.pitest.mutationtest.engine.gregor.mutators.NegateConditionalsMutator,getConnObjectKeyValue,1035,NO_COVERAGE,none
DefaultMappingManager.java,org.apache.syncope.core.provisioning.java.DefaultMappingManager,org.pitest.mutationtest.engine.gregor.mutators.returns.EmptyObjectReturnValsMutator,getConnObjectKeyValue,1035,NO_COVERAGE,none
DefaultMappingManager.java,org.apache.syncope.core.provisioning.java.DefaultMappingManager,org.pitest.mutationtest.engine.gregor.mutators.NegateConditionalsMutator,getIntValues,883,KILLED,org.apache.syncope.core.provisioning.java.DefaultMappingManager_ESTest
DefaultMappingManager.java,org.apache.syncope.core.provisioning.java.DefaultMappingManager,org.pitest.mutationtest.engine.gregor.mutators.NegateConditionalsMutator,getIntValues,905,KILLED,org.apache.syncope.core.provisioning.java.DefaultMappingManager_ESTest
DefaultMappingManager.java,org.apache.syncope.core.provisioning.java.DefaultMappingManager,org.pitest.mutationtest.engine.gregor.mutators.NegateConditionalsMutator,getIntValues,935,SURVIVED,none
DefaultMappingManager.java,org.apache.syncope.core.provisioning.java.DefaultMappingManager,org.pitest.mutationtest.engine.gregor.mutators.VoidMethodCallMutator,getIntValues,888,SURVIVED,none
DefaultMappingManager.java,org.apache.syncope.core.provisioning.java.DefaultMappingManager,org.pitest.mutationtest.engine.gregor.mutators.VoidMethodCallMutator,getIntValues,893,SURVIVED,none
DefaultMappingManager.java,org.apache.syncope.core.provisioning.java.DefaultMappingManager,org.pitest.mutationtest.engine.gregor.mutators.VoidMethodCallMutator,getIntValues,898,SURVIVED,none
DefaultMappingManager.java,org.apache.syncope.core.provisioning.java.DefaultMappingManager,org.pitest.mutationtest.engine.gregor.mutators.VoidMethodCallMutator,getIntValues,908,SURVIVED,none
DefaultMappingManager.java,org.apache.syncope.core.provisioning.java.DefaultMappingManager,org.pitest.mutationtest.engine.gregor.mutators.VoidMethodCallMutator,getIntValues,920,NO_COVERAGE,none
DefaultMappingManager.java,org.apache.syncope.core.provisioning.java.DefaultMappingManager,org.pitest.mutationtest.engine.gregor.mutators.returns.NullReturnValsMutator,getIntValues,947,KILLED,org.apache.syncope.core.provisioning.java.DefaultMappingManager_ESTest
DefaultMappingManager.java,org.apache.syncope.core.provisioning.java.DefaultMappingManager,org.pitest.mutationtest.engine.gregor.mutators.NegateConditionalsMutator,getIntValues,685,KILLED,org.apache.syncope.core.provisioning.java.DefaultMappingManager_ESTest
DefaultMappingManager.java,org.apache.syncope.core.provisioning.java.DefaultMappingManager,org.pitest.mutationtest.engine.gregor.mutators.NegateConditionalsMutator,getIntValues,686,KILLED,org.apache.syncope.core.provisioning.java.DefaultMappingManager_ESTest
DefaultMappingManager.java,org.apache.syncope.core.provisioning.java.DefaultMappingManager,org.pitest.mutationtest.engine.gregor.mutators.NegateConditionalsMutator,getIntValues,687,KILLED,org.apache.syncope.core.provisioning.java.DefaultMappingManager_ESTest
DefaultMappingManager.java,org.apache.syncope.core.provisioning.java.DefaultMappingManager,org.pitest.mutationtest.engine.gregor.mutators.NegateConditionalsMutator,getIntValues,695,SURVIVED,none
DefaultMappingManager.java,org.apache.syncope.core.provisioning.java.DefaultMappingManager,org.pitest.mutationtest.engine.gregor.mutators.NegateConditionalsMutator,getIntValues,699,KILLED,org.apache.syncope.core.provisioning.java.DefaultMappingManager_ESTest
DefaultMappingManager.java,org.apache.syncope.core.provisioning.java.DefaultMappingManager,org.pitest.mutationtest.engine.gregor.mutators.NegateConditionalsMutator,getIntValues,703,KILLED,org.apache.syncope.core.provisioning.java.DefaultMappingManager_ESTest
DefaultMappingManager.java,org.apache.syncope.core.provisioning.java.DefaultMappingManager,org.pitest.mutationtest.engine.gregor.mutators.NegateConditionalsMutator,getIntValues,705,KILLED,org.apache.syncope.core.provisioning.java.DefaultMappingManager_ESTest
DefaultMappingManager.java,org.apache.syncope.core.provisioning.java.DefaultMappingManager,org.pitest.mutationtest.engine.gregor.mutators.NegateConditionalsMutator,getIntValues,705,NO_COVERAGE,none
DefaultMappingManager.java,org.apache.syncope.core.provisioning.java.DefaultMappingManager,org.pitest.mutationtest.engine.gregor.mutators.NegateConditionalsMutator,getIntValues,709,KILLED,org.apache.syncope.core.provisioning.java.DefaultMappingManager_ESTest
DefaultMappingManager.java,org.apache.syncope.core.provisioning.java.DefaultMappingManager,org.pitest.mutationtest.engine.gregor.mutators.NegateConditionalsMutator,getIntValues,709,NO_COVERAGE,none
DefaultMappingManager.java,org.apache.syncope.core.provisioning.java.DefaultMappingManager,org.pitest.mutationtest.engine.gregor.mutators.NegateConditionalsMutator,getIntValues,712,NO_COVERAGE,none
DefaultMappingManager.java,org.apache.syncope.core.provisioning.java.DefaultMappingManager,org.pitest.mutationtest.engine.gregor.mutators.NegateConditionalsMutator,getIntValues,721,KILLED,org.apache.syncope.core.provisioning.java.DefaultMappingManager_ESTest
DefaultMappingManager.java,org.apache.syncope.core.provisioning.java.DefaultMappingManager,org.pitest.mutationtest.engine.gregor.mutators.NegateConditionalsMutator,getIntValues,730,KILLED,org.apache.syncope.core.provisioning.java.DefaultMappingManager_ESTest
DefaultMappingManager.java,org.apache.syncope.core.provisioning.java.DefaultMappingManager,org.pitest.mutationtest.engine.gregor.mutators.NegateConditionalsMutator,getIntValues,740,NO_COVERAGE,none
DefaultMappingManager.java,org.apache.syncope.core.provisioning.java.DefaultMappingManager,org.pitest.mutationtest.engine.gregor.mutators.NegateConditionalsMutator,getIntValues,755,NO_COVERAGE,none
DefaultMappingManager.java,org.apache.syncope.core.provisioning.java.DefaultMappingManager,org.pitest.mutationtest.engine.gregor.mutators.NegateConditionalsMutator,getIntValues,758,NO_COVERAGE,none
DefaultMappingManager.java,org.apache.syncope.core.provisioning.java.DefaultMappingManager,org.pitest.mutationtest.engine.gregor.mutators.NegateConditionalsMutator,getIntValues,763,NO_COVERAGE,none
DefaultMappingManager.java,org.apache.syncope.core.provisioning.java.DefaultMappingManager,org.pitest.mutationtest.engine.gregor.mutators.NegateConditionalsMutator,getIntValues,763,NO_COVERAGE,none
DefaultMappingManager.java,org.apache.syncope.core.provisioning.java.DefaultMappingManager,org.pitest.mutationtest.engine.gregor.mutators.NegateConditionalsMutator,getIntValues,766,NO_COVERAGE,none
DefaultMappingManager.java,org.apache.syncope.core.provisioning.java.DefaultMappingManager,org.pitest.mutationtest.engine.gregor.mutators.NegateConditionalsMutator,getIntValues,766,NO_COVERAGE,none
DefaultMappingManager.java,org.apache.syncope.core.provisioning.java.DefaultMappingManager,org.pitest.mutationtest.engine.gregor.mutators.NegateConditionalsMutator,getIntValues,770,NO_COVERAGE,none
DefaultMappingManager.java,org.apache.syncope.core.provisioning.java.DefaultMappingManager,org.pitest.mutationtest.engine.gregor.mutators.NegateConditionalsMutator,getIntValues,776,KILLED,org.apache.syncope.core.provisioning.java.DefaultMappingManager_ESTest
DefaultMappingManager.java,org.apache.syncope.core.provisioning.java.DefaultMappingManager,org.pitest.mutationtest.engine.gregor.mutators.NegateConditionalsMutator,getIntValues,783,KILLED,org.apache.syncope.core.provisioning.java.DefaultMappingManager_ESTest
DefaultMappingManager.java,org.apache.syncope.core.provisioning.java.DefaultMappingManager,org.pitest.mutationtest.engine.gregor.mutators.NegateConditionalsMutator,getIntValues,792,SURVIVED,none
DefaultMappingManager.java,org.apache.syncope.core.provisioning.java.DefaultMappingManager,org.pitest.mutationtest.engine.gregor.mutators.NegateConditionalsMutator,getIntValues,795,KILLED,org.apache.syncope.core.provisioning.java.DefaultMappingManager_ESTest
DefaultMappingManager.java,org.apache.syncope.core.provisioning.java.DefaultMappingManager,org.pitest.mutationtest.engine.gregor.mutators.NegateConditionalsMutator,getIntValues,797,KILLED,org.apache.syncope.core.provisioning.java.DefaultMappingManager_ESTest
DefaultMappingManager.java,org.apache.syncope.core.provisioning.java.DefaultMappingManager,org.pitest.mutationtest.engine.gregor.mutators.NegateConditionalsMutator,getIntValues,797,KILLED,org.apache.syncope.core.provisioning.java.DefaultMappingManager_ESTest
DefaultMappingManager.java,org.apache.syncope.core.provisioning.java.DefaultMappingManager,org.pitest.mutationtest.engine.gregor.mutators.NegateConditionalsMutator,getIntValues,799,KILLED,org.apache.syncope.core.provisioning.java.DefaultMappingManager_ESTest
DefaultMappingManager.java,org.apache.syncope.core.provisioning.java.DefaultMappingManager,org.pitest.mutationtest.engine.gregor.mutators.NegateConditionalsMutator,getIntValues,799,KILLED,org.apache.syncope.core.provisioning.java.DefaultMappingManager_ESTest
DefaultMappingManager.java,org.apache.syncope.core.provisioning.java.DefaultMappingManager,org.pitest.mutationtest.engine.gregor.mutators.NegateConditionalsMutator,getIntValues,811,KILLED,org.apache.syncope.core.provisioning.java.DefaultMappingManager_ESTest
DefaultMappingManager.java,org.apache.syncope.core.provisioning.java.DefaultMappingManager,org.pitest.mutationtest.engine.gregor.mutators.NegateConditionalsMutator,getIntValues,814,KILLED,org.apache.syncope.core.provisioning.java.DefaultMappingManager_ESTest
DefaultMappingManager.java,org.apache.syncope.core.provisioning.java.DefaultMappingManager,org.pitest.mutationtest.engine.gregor.mutators.NegateConditionalsMutator,getIntValues,814,KILLED,org.apache.syncope.core.provisioning.java.DefaultMappingManager_ESTest
DefaultMappingManager.java,org.apache.syncope.core.provisioning.java.DefaultMappingManager,org.pitest.mutationtest.engine.gregor.mutators.NegateConditionalsMutator,getIntValues,816,NO_COVERAGE,none
DefaultMappingManager.java,org.apache.syncope.core.provisioning.java.DefaultMappingManager,org.pitest.mutationtest.engine.gregor.mutators.NegateConditionalsMutator,getIntValues,822,NO_COVERAGE,none
DefaultMappingManager.java,org.apache.syncope.core.provisioning.java.DefaultMappingManager,org.pitest.mutationtest.engine.gregor.mutators.NegateConditionalsMutator,getIntValues,823,NO_COVERAGE,none
DefaultMappingManager.java,org.apache.syncope.core.provisioning.java.DefaultMappingManager,org.pitest.mutationtest.engine.gregor.mutators.NegateConditionalsMutator,getIntValues,825,NO_COVERAGE,none
DefaultMappingManager.java,org.apache.syncope.core.provisioning.java.DefaultMappingManager,org.pitest.mutationtest.engine.gregor.mutators.NegateConditionalsMutator,getIntValues,833,NO_COVERAGE,none
DefaultMappingManager.java,org.apache.syncope.core.provisioning.java.DefaultMappingManager,org.pitest.mutationtest.engine.gregor.mutators.NegateConditionalsMutator,getIntValues,833,NO_COVERAGE,none
DefaultMappingManager.java,org.apache.syncope.core.provisioning.java.DefaultMappingManager,org.pitest.mutationtest.engine.gregor.mutators.NegateConditionalsMutator,getIntValues,835,NO_COVERAGE,none
DefaultMappingManager.java,org.apache.syncope.core.provisioning.java.DefaultMappingManager,org.pitest.mutationtest.engine.gregor.mutators.NegateConditionalsMutator,getIntValues,838,NO_COVERAGE,none
DefaultMappingManager.java,org.apache.syncope.core.provisioning.java.DefaultMappingManager,org.pitest.mutationtest.engine.gregor.mutators.NegateConditionalsMutator,getIntValues,854,SURVIVED,none
DefaultMappingManager.java,org.apache.syncope.core.provisioning.java.DefaultMappingManager,org.pitest.mutationtest.engine.gregor.mutators.VoidMethodCallMutator,getIntValues,696,NO_COVERAGE,none
DefaultMappingManager.java,org.apache.syncope.core.provisioning.java.DefaultMappingManager,org.pitest.mutationtest.engine.gregor.mutators.VoidMethodCallMutator,getIntValues,700,NO_COVERAGE,none
DefaultMappingManager.java,org.apache.syncope.core.provisioning.java.DefaultMappingManager,org.pitest.mutationtest.engine.gregor.mutators.VoidMethodCallMutator,getIntValues,735,SURVIVED,none
DefaultMappingManager.java,org.apache.syncope.core.provisioning.java.DefaultMappingManager,org.pitest.mutationtest.engine.gregor.mutators.VoidMethodCallMutator,getIntValues,741,NO_COVERAGE,none
DefaultMappingManager.java,org.apache.syncope.core.provisioning.java.DefaultMappingManager,org.pitest.mutationtest.engine.gregor.mutators.VoidMethodCallMutator,getIntValues,747,NO_COVERAGE,none
DefaultMappingManager.java,org.apache.syncope.core.provisioning.java.DefaultMappingManager,org.pitest.mutationtest.engine.gregor.mutators.VoidMethodCallMutator,getIntValues,771,NO_COVERAGE,none
DefaultMappingManager.java,org.apache.syncope.core.provisioning.java.DefaultMappingManager,org.pitest.mutationtest.engine.gregor.mutators.VoidMethodCallMutator,getIntValues,777,SURVIVED,none
DefaultMappingManager.java,org.apache.syncope.core.provisioning.java.DefaultMappingManager,org.pitest.mutationtest.engine.gregor.mutators.VoidMethodCallMutator,getIntValues,784,NO_COVERAGE,none
DefaultMappingManager.java,org.apache.syncope.core.provisioning.java.DefaultMappingManager,org.pitest.mutationtest.engine.gregor.mutators.VoidMethodCallMutator,getIntValues,794,NO_COVERAGE,none
DefaultMappingManager.java,org.apache.syncope.core.provisioning.java.DefaultMappingManager,org.pitest.mutationtest.engine.gregor.mutators.VoidMethodCallMutator,getIntValues,796,NO_COVERAGE,none
DefaultMappingManager.java,org.apache.syncope.core.provisioning.java.DefaultMappingManager,org.pitest.mutationtest.engine.gregor.mutators.VoidMethodCallMutator,getIntValues,798,NO_COVERAGE,none
DefaultMappingManager.java,org.apache.syncope.core.provisioning.java.DefaultMappingManager,org.pitest.mutationtest.engine.gregor.mutators.VoidMethodCallMutator,getIntValues,800,NO_COVERAGE,none
DefaultMappingManager.java,org.apache.syncope.core.provisioning.java.DefaultMappingManager,org.pitest.mutationtest.engine.gregor.mutators.VoidMethodCallMutator,getIntValues,802,NO_COVERAGE,none
DefaultMappingManager.java,org.apache.syncope.core.provisioning.java.DefaultMappingManager,org.pitest.mutationtest.engine.gregor.mutators.VoidMethodCallMutator,getIntValues,826,NO_COVERAGE,none
DefaultMappingManager.java,org.apache.syncope.core.provisioning.java.DefaultMappingManager,org.pitest.mutationtest.engine.gregor.mutators.VoidMethodCallMutator,getIntValues,840,NO_COVERAGE,none
DefaultMappingManager.java,org.apache.syncope.core.provisioning.java.DefaultMappingManager,org.pitest.mutationtest.engine.gregor.mutators.returns.NullReturnValsMutator,getIntValues,723,NO_COVERAGE,none
DefaultMappingManager.java,org.apache.syncope.core.provisioning.java.DefaultMappingManager,org.pitest.mutationtest.engine.gregor.mutators.returns.NullReturnValsMutator,getIntValues,866,KILLED,org.apache.syncope.core.provisioning.java.DefaultMappingManager_ESTest
DefaultMappingManager.java,org.apache.syncope.core.provisioning.java.DefaultMappingManager,org.pitest.mutationtest.engine.gregor.mutators.NegateConditionalsMutator,getManagerValue,958,KILLED,org.apache.syncope.core.provisioning.java.DefaultMappingManager_ESTest
DefaultMappingManager.java,org.apache.syncope.core.provisioning.java.DefaultMappingManager,org.pitest.mutationtest.engine.gregor.mutators.returns.EmptyObjectReturnValsMutator,getManagerValue,970,KILLED,org.apache.syncope.core.provisioning.java.DefaultMappingManager_ESTest
DefaultMappingManager.java,org.apache.syncope.core.provisioning.java.DefaultMappingManager,org.pitest.mutationtest.engine.gregor.mutators.NegateConditionalsMutator,getName,142,KILLED,org.apache.syncope.core.provisioning.java.DefaultMappingManager_ESTest
DefaultMappingManager.java,org.apache.syncope.core.provisioning.java.DefaultMappingManager,org.pitest.mutationtest.engine.gregor.mutators.returns.NullReturnValsMutator,getName,154,KILLED,org.apache.syncope.core.provisioning.java.DefaultMappingManager_ESTest
DefaultMappingManager.java,org.apache.syncope.core.provisioning.java.DefaultMappingManager,org.pitest.mutationtest.engine.gregor.mutators.NegateConditionalsMutator,getPasswordAttrValue,476,KILLED,org.apache.syncope.core.provisioning.java.DefaultMappingManager_ESTest
DefaultMappingManager.java,org.apache.syncope.core.provisioning.java.DefaultMappingManager,org.pitest.mutationtest.engine.gregor.mutators.NegateConditionalsMutator,getPasswordAttrValue,477,SURVIVED,none
DefaultMappingManager.java,org.apache.syncope.core.provisioning.java.DefaultMappingManager,org.pitest.mutationtest.engine.gregor.mutators.NegateConditionalsMutator,getPasswordAttrValue,481,KILLED,org.apache.syncope.core.provisioning.java.DefaultMappingManager_ESTest
DefaultMappingManager.java,org.apache.syncope.core.provisioning.java.DefaultMappingManager,org.pitest.mutationtest.engine.gregor.mutators.NegateConditionalsMutator,getPasswordAttrValue,483,SURVIVED,none
DefaultMappingManager.java,org.apache.syncope.core.provisioning.java.DefaultMappingManager,org.pitest.mutationtest.engine.gregor.mutators.returns.EmptyObjectReturnValsMutator,getTransformers,215,SURVIVED,none
DefaultMappingManager.java,org.apache.syncope.core.provisioning.java.DefaultMappingManager,org.pitest.mutationtest.engine.gregor.mutators.returns.BooleanFalseReturnValsMutator,hasMustChangePassword,1242,SURVIVED,none
DefaultMappingManager.java,org.apache.syncope.core.provisioning.java.DefaultMappingManager,org.pitest.mutationtest.engine.gregor.mutators.returns.BooleanTrueReturnValsMutator,hasMustChangePassword,1242,KILLED,org.apache.syncope.core.provisioning.java.DefaultMappingManager_ESTest
DefaultMappingManager.java,org.apache.syncope.core.provisioning.java.DefaultMappingManager,org.pitest.mutationtest.engine.gregor.mutators.returns.EmptyObjectReturnValsMutator,lambda$getIntValues$23,707,NO_COVERAGE,none
DefaultMappingManager.java,org.apache.syncope.core.provisioning.java.DefaultMappingManager,org.pitest.mutationtest.engine.gregor.mutators.returns.EmptyObjectReturnValsMutator,lambda$getIntValues$24,717,NO_COVERAGE,none
DefaultMappingManager.java,org.apache.syncope.core.provisioning.java.DefaultMappingManager,org.pitest.mutationtest.engine.gregor.mutators.NegateConditionalsMutator,lambda$getIntValues$27,909,NO_COVERAGE,none
DefaultMappingManager.java,org.apache.syncope.core.provisioning.java.DefaultMappingManager,org.pitest.mutationtest.engine.gregor.mutators.NegateConditionalsMutator,lambda$getIntValues$27,911,NO_COVERAGE,none
DefaultMappingManager.java,org.apache.syncope.core.provisioning.java.DefaultMappingManager,org.pitest.mutationtest.engine.gregor.mutators.VoidMethodCallMutator,lambda$getIntValues$27,912,NO_COVERAGE,none
DefaultMappingManager.java,org.apache.syncope.core.provisioning.java.DefaultMappingManager,org.pitest.mutationtest.engine.gregor.mutators.VoidMethodCallMutator,lambda$getIntValues$28,922,NO_COVERAGE,none
DefaultMappingManager.java,org.apache.syncope.core.provisioning.java.DefaultMappingManager,org.pitest.mutationtest.engine.gregor.mutators.returns.EmptyObjectReturnValsMutator,lambda$getManagerValue$29,971,NO_COVERAGE,none
DefaultMappingManager.java,org.apache.syncope.core.provisioning.java.DefaultMappingManager,org.pitest.mutationtest.engine.gregor.mutators.returns.BooleanFalseReturnValsMutator,lambda$hasMustChangePassword$34,1244,NO_COVERAGE,none
DefaultMappingManager.java,org.apache.syncope.core.provisioning.java.DefaultMappingManager,org.pitest.mutationtest.engine.gregor.mutators.returns.BooleanTrueReturnValsMutator,lambda$hasMustChangePassword$34,1244,NO_COVERAGE,none
DefaultMappingManager.java,org.apache.syncope.core.provisioning.java.DefaultMappingManager,org.pitest.mutationtest.engine.gregor.mutators.returns.BooleanFalseReturnValsMutator,lambda$hasMustChangePassword$35,1243,NO_COVERAGE,none
DefaultMappingManager.java,org.apache.syncope.core.provisioning.java.DefaultMappingManager,org.pitest.mutationtest.engine.gregor.mutators.returns.BooleanTrueReturnValsMutator,lambda$hasMustChangePassword$35,1243,NO_COVERAGE,none
DefaultMappingManager.java,org.apache.syncope.core.provisioning.java.DefaultMappingManager,org.pitest.mutationtest.engine.gregor.mutators.returns.BooleanFalseReturnValsMutator,lambda$prepareAttr$16,513,NO_COVERAGE,none
DefaultMappingManager.java,org.apache.syncope.core.provisioning.java.DefaultMappingManager,org.pitest.mutationtest.engine.gregor.mutators.returns.BooleanTrueReturnValsMutator,lambda$prepareAttr$16,513,NO_COVERAGE,none
DefaultMappingManager.java,org.apache.syncope.core.provisioning.java.DefaultMappingManager,org.pitest.mutationtest.engine.gregor.mutators.returns.NullReturnValsMutator,lambda$prepareAttr$17,514,NO_COVERAGE,none
DefaultMappingManager.java,org.apache.syncope.core.provisioning.java.DefaultMappingManager,org.pitest.mutationtest.engine.gregor.mutators.returns.NullReturnValsMutator,lambda$prepareAttr$18,567,NO_COVERAGE,none
DefaultMappingManager.java,org.apache.syncope.core.provisioning.java.DefaultMappingManager,org.pitest.mutationtest.engine.gregor.mutators.returns.BooleanFalseReturnValsMutator,lambda$prepareAttr$19,602,NO_COVERAGE,none
DefaultMappingManager.java,org.apache.syncope.core.provisioning.java.DefaultMappingManager,org.pitest.mutationtest.engine.gregor.mutators.returns.BooleanTrueReturnValsMutator,lambda$prepareAttr$19,602,NO_COVERAGE,none
DefaultMappingManager.java,org.apache.syncope.core.provisioning.java.DefaultMappingManager,org.pitest.mutationtest.engine.gregor.mutators.returns.NullReturnValsMutator,lambda$prepareAttr$20,603,NO_COVERAGE,none
DefaultMappingManager.java,org.apache.syncope.core.provisioning.java.DefaultMappingManager,org.pitest.mutationtest.engine.gregor.mutators.VoidMethodCallMutator,lambda$prepareAttrsFromAny$2,317,NO_COVERAGE,none
DefaultMappingManager.java,org.apache.syncope.core.provisioning.java.DefaultMappingManager,org.pitest.mutationtest.engine.gregor.mutators.NegateConditionalsMutator,lambda$prepareAttrsFromAny$3,334,NO_COVERAGE,none
DefaultMappingManager.java,org.apache.syncope.core.provisioning.java.DefaultMappingManager,org.pitest.mutationtest.engine.gregor.mutators.NegateConditionalsMutator,lambda$prepareAttrsFromAny$3,334,NO_COVERAGE,none
DefaultMappingManager.java,org.apache.syncope.core.provisioning.java.DefaultMappingManager,org.pitest.mutationtest.engine.gregor.mutators.returns.BooleanTrueReturnValsMutator,lambda$prepareAttrsFromAny$3,334,NO_COVERAGE,none
DefaultMappingManager.java,org.apache.syncope.core.provisioning.java.DefaultMappingManager,org.pitest.mutationtest.engine.gregor.mutators.NegateConditionalsMutator,lambda$prepareAttrsFromAny$5,325,NO_COVERAGE,none
DefaultMappingManager.java,org.apache.syncope.core.provisioning.java.DefaultMappingManager,org.pitest.mutationtest.engine.gregor.mutators.VoidMethodCallMutator,lambda$prepareAttrsFromAny$5,335,NO_COVERAGE,none
DefaultMappingManager.java,org.apache.syncope.core.provisioning.java.DefaultMappingManager,org.pitest.mutationtest.engine.gregor.mutators.NegateConditionalsMutator,lambda$prepareAttrsFromLinkedAccount$11,395,NO_COVERAGE,none
DefaultMappingManager.java,org.apache.syncope.core.provisioning.java.DefaultMappingManager,org.pitest.mutationtest.engine.gregor.mutators.NegateConditionalsMutator,lambda$prepareAttrsFromLinkedAccount$11,401,NO_COVERAGE,none
DefaultMappingManager.java,org.apache.syncope.core.provisioning.java.DefaultMappingManager,org.pitest.mutationtest.engine.gregor.mutators.NegateConditionalsMutator,lambda$prepareAttrsFromLinkedAccount$11,401,NO_COVERAGE,none
DefaultMappingManager.java,org.apache.syncope.core.provisioning.java.DefaultMappingManager,org.pitest.mutationtest.engine.gregor.mutators.NegateConditionalsMutator,lambda$prepareAttrsFromLinkedAccount$7,374,NO_COVERAGE,none
DefaultMappingManager.java,org.apache.syncope.core.provisioning.java.DefaultMappingManager,org.pitest.mutationtest.engine.gregor.mutators.returns.NullReturnValsMutator,lambda$prepareAttrsFromLinkedAccount$7,374,NO_COVERAGE,none
DefaultMappingManager.java,org.apache.syncope.core.provisioning.java.DefaultMappingManager,org.pitest.mutationtest.engine.gregor.mutators.NegateConditionalsMutator,lambda$prepareAttrsFromLinkedAccount$8,375,NO_COVERAGE,none
DefaultMappingManager.java,org.apache.syncope.core.provisioning.java.DefaultMappingManager,org.pitest.mutationtest.engine.gregor.mutators.returns.NullReturnValsMutator,lambda$prepareAttrsFromLinkedAccount$8,375,NO_COVERAGE,none
DefaultMappingManager.java,org.apache.syncope.core.provisioning.java.DefaultMappingManager,org.pitest.mutationtest.engine.gregor.mutators.NegateConditionalsMutator,lambda$prepareAttrsFromLinkedAccount$9,378,NO_COVERAGE,none
DefaultMappingManager.java,org.apache.syncope.core.provisioning.java.DefaultMappingManager,org.pitest.mutationtest.engine.gregor.mutators.NegateConditionalsMutator,lambda$prepareAttrsFromLinkedAccount$9,381,NO_COVERAGE,none
DefaultMappingManager.java,org.apache.syncope.core.provisioning.java.DefaultMappingManager,org.pitest.mutationtest.engine.gregor.mutators.returns.NullReturnValsMutator,lambda$prepareAttrsFromLinkedAccount$9,384,NO_COVERAGE,none
DefaultMappingManager.java,org.apache.syncope.core.provisioning.java.DefaultMappingManager,org.pitest.mutationtest.engine.gregor.mutators.VoidMethodCallMutator,lambda$prepareAttrsFromRealm$12,440,NO_COVERAGE,none
DefaultMappingManager.java,org.apache.syncope.core.provisioning.java.DefaultMappingManager,org.pitest.mutationtest.engine.gregor.mutators.NegateConditionalsMutator,lambda$prepareAttrsFromRealm$13,457,NO_COVERAGE,none
DefaultMappingManager.java,org.apache.syncope.core.provisioning.java.DefaultMappingManager,org.pitest.mutationtest.engine.gregor.mutators.NegateConditionalsMutator,lambda$prepareAttrsFromRealm$13,457,NO_COVERAGE,none
DefaultMappingManager.java,org.apache.syncope.core.provisioning.java.DefaultMappingManager,org.pitest.mutationtest.engine.gregor.mutators.returns.BooleanTrueReturnValsMutator,lambda$prepareAttrsFromRealm$13,457,NO_COVERAGE,none
DefaultMappingManager.java,org.apache.syncope.core.provisioning.java.DefaultMappingManager,org.pitest.mutationtest.engine.gregor.mutators.NegateConditionalsMutator,lambda$prepareAttrsFromRealm$15,448,NO_COVERAGE,none
DefaultMappingManager.java,org.apache.syncope.core.provisioning.java.DefaultMappingManager,org.pitest.mutationtest.engine.gregor.mutators.VoidMethodCallMutator,lambda$prepareAttrsFromRealm$15,458,NO_COVERAGE,none
DefaultMappingManager.java,org.apache.syncope.core.provisioning.java.DefaultMappingManager,org.pitest.mutationtest.engine.gregor.mutators.NegateConditionalsMutator,lambda$processPreparedAttr$0,123,SURVIVED,none
DefaultMappingManager.java,org.apache.syncope.core.provisioning.java.DefaultMappingManager,org.pitest.mutationtest.engine.gregor.mutators.NegateConditionalsMutator,lambda$processPreparedAttr$0,126,SURVIVED,none
DefaultMappingManager.java,org.apache.syncope.core.provisioning.java.DefaultMappingManager,org.pitest.mutationtest.engine.gregor.mutators.returns.NullReturnValsMutator,lambda$setIntValues$30,1140,NO_COVERAGE,none
DefaultMappingManager.java,org.apache.syncope.core.provisioning.java.DefaultMappingManager,org.pitest.mutationtest.engine.gregor.mutators.returns.NullReturnValsMutator,lambda$setIntValues$31,1155,NO_COVERAGE,none
DefaultMappingManager.java,org.apache.syncope.core.provisioning.java.DefaultMappingManager,org.pitest.mutationtest.engine.gregor.mutators.VoidMethodCallMutator,lambda$setIntValues$32,1199,NO_COVERAGE,none
DefaultMappingManager.java,org.apache.syncope.core.provisioning.java.DefaultMappingManager,org.pitest.mutationtest.engine.gregor.mutators.NegateConditionalsMutator,prepareAttr,623,NO_COVERAGE,none
DefaultMappingManager.java,org.apache.syncope.core.provisioning.java.DefaultMappingManager,org.pitest.mutationtest.engine.gregor.mutators.NegateConditionalsMutator,prepareAttr,624,NO_COVERAGE,none
DefaultMappingManager.java,org.apache.syncope.core.provisioning.java.DefaultMappingManager,org.pitest.mutationtest.engine.gregor.mutators.NegateConditionalsMutator,prepareAttr,635,NO_COVERAGE,none
DefaultMappingManager.java,org.apache.syncope.core.provisioning.java.DefaultMappingManager,org.pitest.mutationtest.engine.gregor.mutators.NegateConditionalsMutator,prepareAttr,642,NO_COVERAGE,none
DefaultMappingManager.java,org.apache.syncope.core.provisioning.java.DefaultMappingManager,org.pitest.mutationtest.engine.gregor.mutators.NegateConditionalsMutator,prepareAttr,642,NO_COVERAGE,none
DefaultMappingManager.java,org.apache.syncope.core.provisioning.java.DefaultMappingManager,org.pitest.mutationtest.engine.gregor.mutators.NegateConditionalsMutator,prepareAttr,651,NO_COVERAGE,none
DefaultMappingManager.java,org.apache.syncope.core.provisioning.java.DefaultMappingManager,org.pitest.mutationtest.engine.gregor.mutators.NegateConditionalsMutator,prepareAttr,652,NO_COVERAGE,none
DefaultMappingManager.java,org.apache.syncope.core.provisioning.java.DefaultMappingManager,org.pitest.mutationtest.engine.gregor.mutators.NegateConditionalsMutator,prepareAttr,653,NO_COVERAGE,none
DefaultMappingManager.java,org.apache.syncope.core.provisioning.java.DefaultMappingManager,org.pitest.mutationtest.engine.gregor.mutators.NegateConditionalsMutator,prepareAttr,657,NO_COVERAGE,none
DefaultMappingManager.java,org.apache.syncope.core.provisioning.java.DefaultMappingManager,org.pitest.mutationtest.engine.gregor.mutators.returns.NullReturnValsMutator,prepareAttr,667,NO_COVERAGE,none
DefaultMappingManager.java,org.apache.syncope.core.provisioning.java.DefaultMappingManager,org.pitest.mutationtest.engine.gregor.mutators.NegateConditionalsMutator,prepareAttr,535,NO_COVERAGE,none
DefaultMappingManager.java,org.apache.syncope.core.provisioning.java.DefaultMappingManager,org.pitest.mutationtest.engine.gregor.mutators.NegateConditionalsMutator,prepareAttr,536,NO_COVERAGE,none
DefaultMappingManager.java,org.apache.syncope.core.provisioning.java.DefaultMappingManager,org.pitest.mutationtest.engine.gregor.mutators.NegateConditionalsMutator,prepareAttr,547,NO_COVERAGE,none
DefaultMappingManager.java,org.apache.syncope.core.provisioning.java.DefaultMappingManager,org.pitest.mutationtest.engine.gregor.mutators.NegateConditionalsMutator,prepareAttr,554,NO_COVERAGE,none
DefaultMappingManager.java,org.apache.syncope.core.provisioning.java.DefaultMappingManager,org.pitest.mutationtest.engine.gregor.mutators.NegateConditionalsMutator,prepareAttr,554,NO_COVERAGE,none
DefaultMappingManager.java,org.apache.syncope.core.provisioning.java.DefaultMappingManager,org.pitest.mutationtest.engine.gregor.mutators.NegateConditionalsMutator,prepareAttr,563,NO_COVERAGE,none
DefaultMappingManager.java,org.apache.syncope.core.provisioning.java.DefaultMappingManager,org.pitest.mutationtest.engine.gregor.mutators.NegateConditionalsMutator,prepareAttr,564,NO_COVERAGE,none
DefaultMappingManager.java,org.apache.syncope.core.provisioning.java.DefaultMappingManager,org.pitest.mutationtest.engine.gregor.mutators.NegateConditionalsMutator,prepareAttr,565,NO_COVERAGE,none
DefaultMappingManager.java,org.apache.syncope.core.provisioning.java.DefaultMappingManager,org.pitest.mutationtest.engine.gregor.mutators.NegateConditionalsMutator,prepareAttr,565,NO_COVERAGE,none
DefaultMappingManager.java,org.apache.syncope.core.provisioning.java.DefaultMappingManager,org.pitest.mutationtest.engine.gregor.mutators.NegateConditionalsMutator,prepareAttr,570,NO_COVERAGE,none
DefaultMappingManager.java,org.apache.syncope.core.provisioning.java.DefaultMappingManager,org.pitest.mutationtest.engine.gregor.mutators.NegateConditionalsMutator,prepareAttr,574,NO_COVERAGE,none
DefaultMappingManager.java,org.apache.syncope.core.provisioning.java.DefaultMappingManager,org.pitest.mutationtest.engine.gregor.mutators.returns.NullReturnValsMutator,prepareAttr,584,NO_COVERAGE,none
DefaultMappingManager.java,org.apache.syncope.core.provisioning.java.DefaultMappingManager,org.pitest.mutationtest.engine.gregor.mutators.NegateConditionalsMutator,prepareAttrsFromAny,340,SURVIVED,none
DefaultMappingManager.java,org.apache.syncope.core.provisioning.java.DefaultMappingManager,org.pitest.mutationtest.engine.gregor.mutators.VoidMethodCallMutator,prepareAttrsFromAny,303,SURVIVED,none
DefaultMappingManager.java,org.apache.syncope.core.provisioning.java.DefaultMappingManager,org.pitest.mutationtest.engine.gregor.mutators.VoidMethodCallMutator,prepareAttrsFromAny,323,SURVIVED,none
DefaultMappingManager.java,org.apache.syncope.core.provisioning.java.DefaultMappingManager,org.pitest.mutationtest.engine.gregor.mutators.VoidMethodCallMutator,prepareAttrsFromAny,338,KILLED,org.apache.syncope.core.provisioning.java.DefaultMappingManager_ESTest
DefaultMappingManager.java,org.apache.syncope.core.provisioning.java.DefaultMappingManager,org.pitest.mutationtest.engine.gregor.mutators.VoidMethodCallMutator,prepareAttrsFromAny,342,SURVIVED,none
DefaultMappingManager.java,org.apache.syncope.core.provisioning.java.DefaultMappingManager,org.pitest.mutationtest.engine.gregor.mutators.returns.NullReturnValsMutator,prepareAttrsFromAny,345,KILLED,org.apache.syncope.core.provisioning.java.DefaultMappingManager_ESTest
DefaultMappingManager.java,org.apache.syncope.core.provisioning.java.DefaultMappingManager,org.pitest.mutationtest.engine.gregor.mutators.NegateConditionalsMutator,prepareAttrsFromLinkedAccount,406,KILLED,org.apache.syncope.core.provisioning.java.DefaultMappingManager_ESTest
DefaultMappingManager.java,org.apache.syncope.core.provisioning.java.DefaultMappingManager,org.pitest.mutationtest.engine.gregor.mutators.NegateConditionalsMutator,prepareAttrsFromLinkedAccount,409,SURVIVED,none
DefaultMappingManager.java,org.apache.syncope.core.provisioning.java.DefaultMappingManager,org.pitest.mutationtest.engine.gregor.mutators.NegateConditionalsMutator,prepareAttrsFromLinkedAccount,411,SURVIVED,none
DefaultMappingManager.java,org.apache.syncope.core.provisioning.java.DefaultMappingManager,org.pitest.mutationtest.engine.gregor.mutators.VoidMethodCallMutator,prepareAttrsFromLinkedAccount,363,SURVIVED,none
DefaultMappingManager.java,org.apache.syncope.core.provisioning.java.DefaultMappingManager,org.pitest.mutationtest.engine.gregor.mutators.VoidMethodCallMutator,prepareAttrsFromLinkedAccount,393,SURVIVED,none
DefaultMappingManager.java,org.apache.syncope.core.provisioning.java.DefaultMappingManager,org.pitest.mutationtest.engine.gregor.mutators.returns.EmptyObjectReturnValsMutator,prepareAttrsFromLinkedAccount,416,KILLED,org.apache.syncope.core.provisioning.java.DefaultMappingManager_ESTest
DefaultMappingManager.java,org.apache.syncope.core.provisioning.java.DefaultMappingManager,org.pitest.mutationtest.engine.gregor.mutators.NegateConditionalsMutator,prepareAttrsFromRealm,421,KILLED,org.apache.syncope.core.provisioning.java.DefaultMappingManager_ESTest
DefaultMappingManager.java,org.apache.syncope.core.provisioning.java.DefaultMappingManager,org.pitest.mutationtest.engine.gregor.mutators.VoidMethodCallMutator,prepareAttrsFromRealm,431,SURVIVED,none
DefaultMappingManager.java,org.apache.syncope.core.provisioning.java.DefaultMappingManager,org.pitest.mutationtest.engine.gregor.mutators.VoidMethodCallMutator,prepareAttrsFromRealm,446,SURVIVED,none
DefaultMappingManager.java,org.apache.syncope.core.provisioning.java.DefaultMappingManager,org.pitest.mutationtest.engine.gregor.mutators.returns.NullReturnValsMutator,prepareAttrsFromRealm,423,KILLED,org.apache.syncope.core.provisioning.java.DefaultMappingManager_ESTest
DefaultMappingManager.java,org.apache.syncope.core.provisioning.java.DefaultMappingManager,org.pitest.mutationtest.engine.gregor.mutators.returns.NullReturnValsMutator,prepareAttrsFromRealm,461,KILLED,org.apache.syncope.core.provisioning.java.DefaultMappingManager_ESTest
DefaultMappingManager.java,org.apache.syncope.core.provisioning.java.DefaultMappingManager,org.pitest.mutationtest.engine.gregor.mutators.NegateConditionalsMutator,processPreparedAttr,107,KILLED,org.apache.syncope.core.provisioning.java.DefaultMappingManager_ESTest
DefaultMappingManager.java,org.apache.syncope.core.provisioning.java.DefaultMappingManager,org.pitest.mutationtest.engine.gregor.mutators.NegateConditionalsMutator,processPreparedAttr,113,SURVIVED,none
DefaultMappingManager.java,org.apache.syncope.core.provisioning.java.DefaultMappingManager,org.pitest.mutationtest.engine.gregor.mutators.NegateConditionalsMutator,processPreparedAttr,117,KILLED,org.apache.syncope.core.provisioning.java.DefaultMappingManager_ESTest
DefaultMappingManager.java,org.apache.syncope.core.provisioning.java.DefaultMappingManager,org.pitest.mutationtest.engine.gregor.mutators.VoidMethodCallMutator,processPreparedAttr,118,SURVIVED,none
DefaultMappingManager.java,org.apache.syncope.core.provisioning.java.DefaultMappingManager,org.pitest.mutationtest.engine.gregor.mutators.returns.EmptyObjectReturnValsMutator,processPreparedAttr,135,SURVIVED,none
DefaultMappingManager.java,org.apache.syncope.core.provisioning.java.DefaultMappingManager,org.pitest.mutationtest.engine.gregor.mutators.NegateConditionalsMutator,setIntValues,1044,SURVIVED,none
DefaultMappingManager.java,org.apache.syncope.core.provisioning.java.DefaultMappingManager,org.pitest.mutationtest.engine.gregor.mutators.NegateConditionalsMutator,setIntValues,1061,NO_COVERAGE,none
DefaultMappingManager.java,org.apache.syncope.core.provisioning.java.DefaultMappingManager,org.pitest.mutationtest.engine.gregor.mutators.NegateConditionalsMutator,setIntValues,1061,NO_COVERAGE,none
DefaultMappingManager.java,org.apache.syncope.core.provisioning.java.DefaultMappingManager,org.pitest.mutationtest.engine.gregor.mutators.NegateConditionalsMutator,setIntValues,1061,NO_COVERAGE,none
DefaultMappingManager.java,org.apache.syncope.core.provisioning.java.DefaultMappingManager,org.pitest.mutationtest.engine.gregor.mutators.NegateConditionalsMutator,setIntValues,1064,NO_COVERAGE,none
DefaultMappingManager.java,org.apache.syncope.core.provisioning.java.DefaultMappingManager,org.pitest.mutationtest.engine.gregor.mutators.NegateConditionalsMutator,setIntValues,1070,NO_COVERAGE,none
DefaultMappingManager.java,org.apache.syncope.core.provisioning.java.DefaultMappingManager,org.pitest.mutationtest.engine.gregor.mutators.NegateConditionalsMutator,setIntValues,1087,NO_COVERAGE,none
DefaultMappingManager.java,org.apache.syncope.core.provisioning.java.DefaultMappingManager,org.pitest.mutationtest.engine.gregor.mutators.NegateConditionalsMutator,setIntValues,1103,NO_COVERAGE,none
DefaultMappingManager.java,org.apache.syncope.core.provisioning.java.DefaultMappingManager,org.pitest.mutationtest.engine.gregor.mutators.NegateConditionalsMutator,setIntValues,1103,NO_COVERAGE,none
DefaultMappingManager.java,org.apache.syncope.core.provisioning.java.DefaultMappingManager,org.pitest.mutationtest.engine.gregor.mutators.NegateConditionalsMutator,setIntValues,1106,NO_COVERAGE,none
DefaultMappingManager.java,org.apache.syncope.core.provisioning.java.DefaultMappingManager,org.pitest.mutationtest.engine.gregor.mutators.NegateConditionalsMutator,setIntValues,1107,NO_COVERAGE,none
DefaultMappingManager.java,org.apache.syncope.core.provisioning.java.DefaultMappingManager,org.pitest.mutationtest.engine.gregor.mutators.NegateConditionalsMutator,setIntValues,1124,NO_COVERAGE,none
DefaultMappingManager.java,org.apache.syncope.core.provisioning.java.DefaultMappingManager,org.pitest.mutationtest.engine.gregor.mutators.NegateConditionalsMutator,setIntValues,1125,NO_COVERAGE,none
DefaultMappingManager.java,org.apache.syncope.core.provisioning.java.DefaultMappingManager,org.pitest.mutationtest.engine.gregor.mutators.NegateConditionalsMutator,setIntValues,1126,NO_COVERAGE,none
DefaultMappingManager.java,org.apache.syncope.core.provisioning.java.DefaultMappingManager,org.pitest.mutationtest.engine.gregor.mutators.NegateConditionalsMutator,setIntValues,1134,NO_COVERAGE,none
DefaultMappingManager.java,org.apache.syncope.core.provisioning.java.DefaultMappingManager,org.pitest.mutationtest.engine.gregor.mutators.NegateConditionalsMutator,setIntValues,1134,NO_COVERAGE,none
DefaultMappingManager.java,org.apache.syncope.core.provisioning.java.DefaultMappingManager,org.pitest.mutationtest.engine.gregor.mutators.NegateConditionalsMutator,setIntValues,1149,NO_COVERAGE,none
DefaultMappingManager.java,org.apache.syncope.core.provisioning.java.DefaultMappingManager,org.pitest.mutationtest.engine.gregor.mutators.NegateConditionalsMutator,setIntValues,1149,NO_COVERAGE,none
DefaultMappingManager.java,org.apache.syncope.core.provisioning.java.DefaultMappingManager,org.pitest.mutationtest.engine.gregor.mutators.VoidMethodCallMutator,setIntValues,1065,NO_COVERAGE,none
DefaultMappingManager.java,org.apache.syncope.core.provisioning.java.DefaultMappingManager,org.pitest.mutationtest.engine.gregor.mutators.VoidMethodCallMutator,setIntValues,1071,NO_COVERAGE,none
DefaultMappingManager.java,org.apache.syncope.core.provisioning.java.DefaultMappingManager,org.pitest.mutationtest.engine.gregor.mutators.VoidMethodCallMutator,setIntValues,1078,NO_COVERAGE,none
DefaultMappingManager.java,org.apache.syncope.core.provisioning.java.DefaultMappingManager,org.pitest.mutationtest.engine.gregor.mutators.VoidMethodCallMutator,setIntValues,1080,NO_COVERAGE,none
DefaultMappingManager.java,org.apache.syncope.core.provisioning.java.DefaultMappingManager,org.pitest.mutationtest.engine.gregor.mutators.VoidMethodCallMutator,setIntValues,1088,NO_COVERAGE,none
DefaultMappingManager.java,org.apache.syncope.core.provisioning.java.DefaultMappingManager,org.pitest.mutationtest.engine.gregor.mutators.VoidMethodCallMutator,setIntValues,1093,NO_COVERAGE,none
DefaultMappingManager.java,org.apache.syncope.core.provisioning.java.DefaultMappingManager,org.pitest.mutationtest.engine.gregor.mutators.VoidMethodCallMutator,setIntValues,1097,NO_COVERAGE,none
DefaultMappingManager.java,org.apache.syncope.core.provisioning.java.DefaultMappingManager,org.pitest.mutationtest.engine.gregor.mutators.VoidMethodCallMutator,setIntValues,1119,NO_COVERAGE,none
DefaultMappingManager.java,org.apache.syncope.core.provisioning.java.DefaultMappingManager,org.pitest.mutationtest.engine.gregor.mutators.VoidMethodCallMutator,setIntValues,1148,NO_COVERAGE,none
DefaultMappingManager.java,org.apache.syncope.core.provisioning.java.DefaultMappingManager,org.pitest.mutationtest.engine.gregor.mutators.NegateConditionalsMutator,setIntValues,1170,SURVIVED,none
DefaultMappingManager.java,org.apache.syncope.core.provisioning.java.DefaultMappingManager,org.pitest.mutationtest.engine.gregor.mutators.NegateConditionalsMutator,setIntValues,1188,NO_COVERAGE,none
DefaultMappingManager.java,org.apache.syncope.core.provisioning.java.DefaultMappingManager,org.pitest.mutationtest.engine.gregor.mutators.NegateConditionalsMutator,setIntValues,1191,NO_COVERAGE,none
DefaultMappingManager.java,org.apache.syncope.core.provisioning.java.DefaultMappingManager,org.pitest.mutationtest.engine.gregor.mutators.NegateConditionalsMutator,setIntValues,1191,NO_COVERAGE,none
DefaultMappingManager.java,org.apache.syncope.core.provisioning.java.DefaultMappingManager,org.pitest.mutationtest.engine.gregor.mutators.NegateConditionalsMutator,setIntValues,1206,NO_COVERAGE,none
DefaultMappingManager.java,org.apache.syncope.core.provisioning.java.DefaultMappingManager,org.pitest.mutationtest.engine.gregor.mutators.NegateConditionalsMutator,setIntValues,1206,NO_COVERAGE,none
DefaultMappingManager.java,org.apache.syncope.core.provisioning.java.DefaultMappingManager,org.pitest.mutationtest.engine.gregor.mutators.NegateConditionalsMutator,setIntValues,1215,NO_COVERAGE,none
DefaultMappingManager.java,org.apache.syncope.core.provisioning.java.DefaultMappingManager,org.pitest.mutationtest.engine.gregor.mutators.NegateConditionalsMutator,setIntValues,1216,NO_COVERAGE,none
DefaultMappingManager.java,org.apache.syncope.core.provisioning.java.DefaultMappingManager,org.pitest.mutationtest.engine.gregor.mutators.NegateConditionalsMutator,setIntValues,1217,NO_COVERAGE,none
DefaultMappingManager.java,org.apache.syncope.core.provisioning.java.DefaultMappingManager,org.pitest.mutationtest.engine.gregor.mutators.VoidMethodCallMutator,setIntValues,1191,NO_COVERAGE,none
DefaultMappingManager.java,org.apache.syncope.core.provisioning.java.DefaultMappingManager,org.pitest.mutationtest.engine.gregor.mutators.VoidMethodCallMutator,setIntValues,1198,NO_COVERAGE,none
DefaultMappingManager.java,org.apache.syncope.core.provisioning.java.DefaultMappingManager,org.pitest.mutationtest.engine.gregor.mutators.VoidMethodCallMutator,setIntValues,1210,NO_COVERAGE,none
DefaultMappingManager.java,org.apache.syncope.core.provisioning.java.DefaultMappingManager,org.pitest.mutationtest.engine.gregor.mutators.VoidMethodCallMutator,setIntValues,1230,NO_COVERAGE,none
